epoch,train_loss,val_loss,train_acc,val_acc,lr
0,0.567461,0.228728,0.765278,0.852465,0.00099901
1,0.209474,0.158447,0.849247,0.869355,0.00099606
